[
  {
    "id": 0,
    "name": "Frieda",
    "picture": "images/D1.jpeg",
    "age": 3,
    "breed": "Scottish Terrier",
    "location": "Lisco, Alabama"
  },
  {
    "id": 1,
    "name": "Gina",
    "picture": "images/D2.jpeg",
    "age": 3,
    "breed": "Scottish Terrier",
    "location": "Tooleville, West Virginia"
  },
  {
    "id": 2,
    "name": "Collins",
    "picture": "images/D3.jpeg",
    "age": 2,
    "breed": "French Bulldog",
    "location": "Freeburn, Idaho"
  },
  {
    "id": 3,
    "name": "Melissa",
    "picture": "images/d4.jpeg",
    "age": 2,
    "breed": "Boxer",
    "location": "Camas, Pennsylvania"
  },
  {
    "id": 4,
    "name": "Jeanine",
    "picture": "images/d5.jpeg",
    "age": 2,
    "breed": "French Bulldog",
    "location": "Gerber, South Dakota"
  },
  {
    "id": 5,
    "name": "Elvia",
    "picture": "images/d6.jpeg",
    "age": 3,
    "breed": "French Bulldog",
    "location": "Innsbrook, Illinois"
  },
  {
    "id": 6,
    "name": "Latisha",
    "picture": "images/d7.jpeg",
    "age": 3,
    "breed": "Golden Retriever",
    "location": "Soudan, Louisiana"
  },
  {
    "id": 7,
    "name": "Coleman",
    "picture": "images/d8.jpeg",
    "age": 3,
    "breed": "Golden Retriever",
    "location": "Jacksonwald, Palau"
  },
  {
    "id": 8,
    "name": "Nichole",
    "picture": "images/d9.jpeg",
    "age": 2,
    "breed": "French Bulldog",
    "location": "Honolulu, Hawaii"
  },
  {
    "id": 9,
    "name": "Fran",
    "picture": "images/d10.jpeg",
    "age": 3,
    "breed": "Boxer",
    "location": "Matheny, Utah"
  },
  {
    "id": 10,
    "name": "Leonor",
    "picture": "images/d11.jpeg",
    "age": 2,
    "breed": "Boxer",
    "location": "Tyhee, Indiana"
  },
  {
    "id": 11,
    "name": "Dean",
    "picture": "images/d12.jpeg",
    "age": 3,
    "breed": "Scottish Terrier",
    "location": "Windsor, Montana"
  },
  {
    "id": 12,
    "name": "Stevenson",
    "picture": "images/d13.jpeg",
    "age": 3,
    "breed": "French Bulldog",
    "location": "Kingstowne, Nevada"
  },
  {
    "id": 13,
    "name": "Kristina",
    "picture": "images/d14.jpeg",
    "age": 4,
    "breed": "Golden Retriever",
    "location": "Sultana, Massachusetts"
  },
  {
    "id": 14,
    "name": "Ethel",
    "picture": "images/d15.jpeg",
    "age": 2,
    "breed": "Golden Retriever",
    "location": "Broadlands, Oregon"
  },
  {
    "id": 15,
    "name": "Terry",
    "picture": "images/d16.jpeg",
    "age": 2,
    "breed": "Golden Retriever",
    "location": "Dawn, Wisconsin"
  }
]
